t,U_1,U_2,P_1,P_2,Y_1,Y_2,V_1,V_2,Y_m_1,Y_m_2,X_1,X_2,X_3,X_4,X_est_1,X_est_2,X_est_3,X_est_4,X_est_5,X_est_6,X_est_7,X_est_8,Y_est_1,Y_est_2,Y_est_3,Y_est_4,trP_obs_1,trP_obs_2
0,0,0,0,0,0,0,0.00899822328897224,-0.0117303232726741,0.00899822328897224,-0.0117303232726741,0,0,0,0,0,0,0,0,0,0,0,0,0,0,0,0,3.41345142107469,0.0004
1,0,0,0,0,0,0,-0.00300111005615676,-0.0172542778952869,-0.00300111005615676,-0.0172542778952869,0,0,0,0,0.0171105834685427,-0.0209108531205599,0.00255691859927098,-0.00335604782091679,8.87924735811821e-07,-1.15752230839184e-06,0,0,0.00189927476500824,-0.00232110469638215,9.85596456751122e-08,-1.28484976231494e-07,3.41345142107469,0.040566062252515
2,0,0,0,0,0,0,0.010293657121031,0.00288228089665011,0.010293657121031,0.00288228089665011,0,0,0,0,0.0138468380712245,-0.0454524692716787,0.00108725950497967,-0.00768763168171301,-2.82320961229456e-05,-0.000175928395072722,4.98363341923781e-08,-1.84626708632478e-06,0.00153699902590592,-0.00504522408915633,-3.13376266964696e-06,-1.95280518530722e-05,3.41345142107469,0.0976529114232958
3,0,0,0,0,0,0,-0.00345065971567321,-0.0159418372026681,-0.00345065971567321,-0.0159418372026681,0,0,0,0,0.0272986507353141,-0.0374691810097161,0.00364554868248472,-0.0053658643692608,0.000361970181978923,-0.000130441726099581,0.000109555607032205,7.7035770859411e-06,0.00303015023161987,-0.00415907909207849,4.01786901996605e-05,-1.44790315970535e-05,3.41345142107469,0.204732992722973
4,0,0,0,0,0,0,0.0101280186426298,0.00110218849223381,0.0101280186426298,0.00110218849223381,0,0,0,0,0.0211477446378594,-0.0569696774570346,0.00173074470708517,-0.00879308704502188,0.000555203056063757,-0.00167854376118734,9.85109330028379e-05,-0.000480112236937368,0.00234739965480239,-0.00632363419773084,6.16275392230771e-05,-0.000186318357491795,3.41345142107469,0.382062809796523
5,-1,1,0,-0,0,0,0.00629334584931419,0.0078706667635798,0.00629334584931419,0.0078706667635798,0,0,0,0,0.0331909540967607,-0.0495348190701142,0.00400526300058692,-0.00661977693748871,0.00270362119450843,-0.00240901931191656,0.000692834824823055,-0.000519490149965057,0.00368419590474043,-0.00549836491678268,0.000300101952590435,-0.000267401143622739,3.41345142107469,0.636768575615063
6,1,1,0,-0,-0.1332,0.1332,-0.00213015082641055,-2.22678631383614e-05,-0.135330150826411,0.133177732136862,-1.2,1.2,0,0,0.0360803812934531,-0.0304765139648829,0.00480737607454507,-0.00274833050724831,0.00435382724826326,-0.000632718935292339,0.00111757067080277,0.000144887107335622,0.0040049223235733,-0.003382893050102,0.000483274824557222,-7.02318018174497e-05,3.41345142107469,0.961366284790674
7,-1,-1,-0,0,-0.0296148,0.2072148,-0.00865697308360524,0.000931087600588036,-0.0382717730836052,0.208145887600588,-0.2668,1.8668,0,0,-1.41752859429161,1.4202984943714,-0.0349489941785729,0.0361965238956407,-1.29028382093661,1.29369631427683,-0.019572017756111,0.0205562363954474,-0.157345673966369,0.157653132875226,-0.143221504123964,0.143600290884728,3.41345142107469,1.33402902961945
8,-1,1,0,0,-0.1151275572,0.0954139572,-0.0104310830133763,-0.00378157056589758,-0.125558640213376,0.0916323866341024,-1.0371852,0.8595852,0,0,-0.321542487928622,2.16086511719579,-0.000368550198968566,0.0512137045716315,-0.310196650844473,1.99678100185644,-0.00376804222426378,0.0286428309365442,-0.035691216160077,0.239856028008733,-0.0344318282437365,0.221642691206065,3.41345142107469,1.72315136807685
9,1,1,0,0,-0.2355483983508,0.2180230079508,-0.00270068812648099,-0.01482676111059,-0.238249086477281,0.20319624684021,-2.1220576428,1.9641712428,0,0,-1.20853126429362,0.953187629074777,-0.0268656672136283,0.00807005846222712,-1.132214669968,0.911731005738867,-0.0184981617789617,0.00523448144942491,-0.134146970336592,0.1058038268273,-0.125675828366448,0.101202141637014,3.41345142107469,2.09577317378349
10,1,1,-0,-0,-0.120602526133861,0.282622454068261,-0.00438141355602144,-0.000438185853582948,-0.124983939689883,0.282184268214678,-1.0865092444492,2.5461482348492,0,0,-2.49232662932002,2.24095666326599,-0.0565858280051864,0.0358276577530871,-2.37784586210453,2.16303265359831,-0.0461376474802996,0.0307454865680346,-0.276648255854522,0.248746189622525,-0.263940890693602,0.240096624549412,3.41345142107469,2.42605786139767
11,-1,1,-0,0,-0.0184156457330026,0.340051361666684,-0.00408674314796326,0.00960825211682115,-0.0225023888809659,0.349659613783505,-0.165906718315339,3.06352578078094,0,0,-1.24226525231189,2.85966273075187,-0.0126525016652527,0.0460361027718806,-1.20993193969628,2.77083108263282,-0.0128695936058951,0.0383735741187389,-0.13789144300662,0.317422563113458,-0.134302445306287,0.307562250172243,3.41345142107469,2.69981704737276
12,1,-1,0,-0,-0.149571509056639,0.435505660521682,0.00983545235205556,0.0173824493261334,-0.139736056704584,0.452888109847816,-1.34749107258234,3.92347441911425,0,0,-0.147300793644367,3.41721754490386,0.020797397725964,0.055766297419588,-0.160133052533205,3.32565703159226,0.0156528663393404,0.0477035777179182,-0.0163503880945247,0.379311147484328,-0.0177747688311857,0.369147930506741,3.41345142107469,2.91412730976935
13,1,-1,0,-0,0.00023092844864764,0.253964532203776,-0.00297697144009373,-0.00430206242426101,-0.00274604299144609,0.249662469779515,0.00208043647430306,2.28796875859257,0,0,-1.536587308582,4.4355118306378,-0.014579535023043,0.0765743663307224,-1.53465540233475,4.35666422583984,-0.0182804886747022,0.0716449535674353,-0.170561191252602,0.492341813200796,-0.170346749659158,0.483589729068222,3.41345142107469,3.07396615423717
14,-1,1,0,-0,0.133405295390848,0.0925744691291565,0.0114367891077096,-0.0162732273646978,0.144842084498557,0.0763012417644587,1.20184950802566,0.834004226388797,0,0,0.128488293673325,2.39411760720499,0.0330199611742601,0.0070773677124466,0.118689823961881,2.35330407954611,0.0297469586402438,0.00552668809954991,0.0142622005977391,0.265747054399754,0.0131745704597688,0.261216752829618,3.41345142107469,3.18832269229065
15,-1,1,-0,0,-0.0146026923975364,0.21549870305582,-0.00531620117507069,0.00166347492460066,-0.0199188935726071,0.217162177980421,-0.131555787365193,1.94142975725964,0,0,1.59839454379983,0.594399212713524,0.0700557384910308,-0.0471764777905774,1.58549587966321,0.573369205208667,0.0674469867960125,-0.0471171157817098,0.177421794361781,0.0659783126112012,0.175990042642616,0.063643981778162,3.41345142107469,3.26720153757828
16,-1,-1,0,-0,-0.14618179354141,0.324778347016624,0.00972565728008653,0.00376265910450719,-0.136456136261323,0.328541006121131,-1.31695309496766,2.92593105420382,0,0,-0.0512790209234,1.95477331445683,0.0135958249124376,-0.00421726547115561,-0.0584353890803174,1.93876974311931,0.0115060500700957,-0.0032941252021513,-0.0056919713224974,0.216979837904708,-0.00648632818791523,0.215203441486243,3.41345142107469,3.3198419800683
17,-1,-1,0,0,-0.218755614458313,0.199927950497779,-0.00522250484993549,-0.00226950464706233,-0.223978119308249,0.197658445850716,-1.97077130142625,1.8011527071872,0,0,-1.46674637569151,3.13974485406558,-0.0237750968654715,0.0275368502178169,-1.47277520055821,3.12880061653525,-0.0255983934093894,0.0290016277995417,-0.162808847701758,0.348511678801279,-0.163478047261961,0.347296868435413,3.41345142107469,3.35391893397372
18,1,-1,-0,-0,-0.28327374125344,0.0889359479925254,0.00176577794642316,-0.0114891228961879,-0.281507963307017,0.0774468250963375,-2.55201568696793,0.801224756689418,0,0,-2.19842686784044,1.79381493290632,-0.0419915029552825,-0.0162625484025999,-2.20148019496769,1.79190225079186,-0.0434778003385937,-0.0142709470071823,-0.244025382330289,0.199113457552601,-0.244364301641414,0.198901149837896,3.41345142107469,3.37536732878802
19,1,-1,0,0,-0.118630355974309,-0.0541359422346449,0.00970737823554689,0.0202433259954387,-0.108922977738762,-0.0338926162392062,-1.06874194571449,-0.487711191303108,0,0,-2.82661888375509,0.598943819782305,-0.0532597315565181,-0.0515448808404684,-2.829116573536,0.601813382128678,-0.0546366822724014,-0.0494221948093598,-0.313754696096815,0.0664827639958358,-0.314031939662496,0.0668012854162832,3.41345142107469,3.38853379700264
20,1,-1,-0,-0,0.0277376135388396,-0.181326852646599,-0.0041397227497423,-0.0235952351095849,0.0235978907890973,-0.204922087756184,0.249888410259817,-1.63357524906846,0,0,-1.00325331952142,-0.91569784907162,0.00554807207113707,-0.0797995887987959,-1.00815829283683,-0.911349819358376,0.0041129583859763,-0.0776379479219973,-0.111361118466877,-0.10164246124695,-0.111905570504888,-0.10115982994878,3.41345142107469,3.39646072233699
21,1,-1,-0,0,0.157858738436028,-0.294399572002827,-0.00438270518204902,-0.00509972045799939,0.153476033253979,-0.299499292460826,1.42215079672098,-2.65224839642186,0,0,0.570143511228217,-2.2914272362357,0.0441607625630878,-0.109146176063324,0.5642426137203,-2.28561015386144,0.042769028990164,-0.10700844414738,0.0632859297463321,-0.254348423222163,0.0626309301229533,-0.25370272707862,3.41345142107469,3.40119211320404
22,1,1,0,0,0.273536418469629,-0.394921219510513,0.0200339061086227,-0.013216255908101,0.293570324578252,-0.408137475418614,2.46429205828495,-3.55784882441904,0,0,1.92829661181612,-3.44785794159295,0.0700511590300409,-0.121862761747508,1.9220259569352,-3.44126823520017,0.0687833766792793,-0.119846488188139,0.214040923911589,-0.382712231516817,0.213344881219807,-0.381980774107219,3.41345142107469,3.40404759497633
23,-1,-1,0,0,0.3319738760195,-0.262284964144846,0.00950993499549086,-0.00636128249660042,0.341483811014991,-0.268646246641447,2.99075563981532,-2.36292760490852,0,0,3.14256481578784,-4.45964685055029,0.0929333248726455,-0.12891966023488,3.13630334714779,-4.4527153432661,0.0918165422618619,-0.127071040952678,0.348824694552451,-0.495020800411082,0.348129671533405,-0.494251403102538,3.41345142107469,3.40584459661861
24,1,1,0,0,0.206324775781336,-0.321971333124768,-0.00432003843727781,0.00317851419059697,0.202004737344058,-0.318792818934171,1.85878176379582,-2.90064264076368,0,0,3.65044519732765,-2.94545088713176,0.0916320958518807,-0.0635518862666283,3.64488451043976,-2.93927794315193,0.0907702972149991,-0.0620312233578905,0.405199416903369,-0.326945048471626,0.404582180658814,-0.326259851689864,3.41345142107469,3.40706683438538
25,1,1,0,0,0.272222725669608,-0.197432515147919,0.00648940737363587,0.00138047974449526,0.278712133043243,-0.196052035403424,2.45245698801448,-1.77867130763891,0,0,2.22010709188365,-3.44220121754329,0.0329633852973496,-0.0619323767675678,2.21565514589321,-3.4364345886549,0.032370335546386,-0.0606361414836425,0.246431887199085,-0.382084335147305,0.245937721194147,-0.381444239340693,3.41345142107469,3.40798555341833
26,-1,1,-0,-0,0.330806003120281,-0.0867175059665,-0.00360076301153972,-0.00710735074811226,0.327205240108741,-0.0938248567146123,2.98023426234487,-0.781238792490991,0,0,2.82984796406638,-2.03579859045266,0.0429617571348668,-0.00807512997033125,2.82601112240423,-2.03077935595729,0.0425009684360462,-0.00703914863210137,0.314113124011369,-0.225973643540245,0.313687234586869,-0.225416508511259,3.41345142107469,3.40874287335859
27,1,1,0,-0,0.16088653677393,0.0561081371957815,0.00705885019349416,0.00777003526719788,0.167945386967424,0.0638781724629794,1.44942825922459,0.505478713475509,0,0,3.35213437035549,-0.816289408158501,0.0472220885915793,0.030146969814997,3.3488834019364,-0.811933075740086,0.0468718892405839,0.0309731129818092,0.37208691510946,-0.0906081243055937,0.371726057614941,-0.0901245714071496,3.41345142107469,3.40940662762678
28,1,1,0,-0,0.231828131192024,0.13868013396705,0.0141584906843659,0.00622393924172013,0.24598662187639,0.14490407320877,2.08854172245066,1.24937057627973,0,0,1.4577982669125,0.789394204250012,-0.011190476164029,0.0740355615700453,1.45542477460628,0.793035690780903,-0.01138397944138,0.0746899810820802,0.161815607627287,0.0876227566717513,0.161552149981297,0.0880269616766803,3.41345142107469,3.41000484005392
29,1,-1,0,0,0.294895208629709,0.212086639096707,-0.0160451566859706,0.00647380884516047,0.278850051943738,0.218560447941868,2.65671359125864,1.91069044231268,0,0,2.19302433791672,1.65176181366348,0.0133319071960437,0.0908874660015691,2.1909832363301,1.65489631537741,0.013182650445469,0.0914003634809389,0.243425701508756,0.183345561316646,0.243199139232641,0.183693491006893,3.41345142107469,3.41054631451153
30,1,1,0,-0,0.395361840471811,0.0553450221569727,0.0102885306900203,-0.00425631681660351,0.405650371161832,0.0510887053403692,3.56181838262893,0.498603803215971,0,0,2.79407369214362,2.40557376864497,0.0236926415609631,0.101188449314012,2.79240065749712,2.40824340156074,0.0235948151290453,0.101588988237797,0.310142179827941,0.267018688319591,0.309956472982181,0.267315017573242,3.41345142107469,3.41103217370274
31,1,-1,0,0,0.44027667617944,0.138001724697549,0.0145796778066199,0.0104858076053644,0.45485635398606,0.148487532302913,3.96645654215712,1.243258781059,0,0,3.88926338968744,0.66562495242923,0.0505011607252605,0.0391569978995058,3.88793646327778,0.668079461879427,0.0504636236994095,0.0395029983329149,0.431708236255305,0.0738843697196445,0.431560947423834,0.0741568202686164,3.41345142107469,3.41146177654166
32,-1,1,-0,-0,0.524605965123522,-0.0105164667438791,0.000474713232748285,0.00660707086367175,0.525080678356271,-0.00390939588020738,4.72617986597768,-0.0947429436385507,0,0,4.32101864118636,1.53597273947138,0.0574581460535414,0.0607919034310837,4.31998618053672,1.53796914041006,0.0574501760995521,0.0610454772553444,0.479633069171686,0.170492974081323,0.479518466039576,0.170714574585517,3.41345142107469,3.41183533373419
33,-1,1,0,0,0.333174702994811,0.123850861064691,0.0174625671011842,0.0250877247318511,0.350637270095996,0.148938585796543,3.00157390085416,1.11577352310533,0,0,5.19862966563502,-0.0765365176192777,0.0699556396993962,0.0105756153699632,5.19791807610326,-0.0747921282989825,0.0699915360636314,0.0107827494185578,0.577047892885488,-0.00849555345573983,0.576968906447461,-0.00830192624118706,3.41345142107469,3.412154718548
34,-1,-1,-0,-0,0.162992310962387,0.243303415486511,0.00155387514201181,0.0106345963904102,0.164546186104399,0.253938011876921,1.46839919785934,2.19192266204064,0,0,3.08941561912194,1.43260596063897,0.00512072126393119,0.0552351654331963,3.08901380003529,1.43401935136671,0.00518753563733272,0.0553902630258919,0.342925133722535,0.159019261630926,0.342880531803917,0.159176148001704,3.41345142107469,3.41242339109153
35,-1,-1,0,-0,0.0561001644455623,0.127496736367508,-0.0123711968466263,0.0115692165332739,0.043728967598936,0.139065952900782,0.505406886896958,1.14861924655413,0,0,1.23187003922579,2.72040120737535,-0.0460652427051058,0.0820093278714439,1.23170085552674,2.72154988682431,-0.0459793080684729,0.0821243036909828,0.136737574354063,0.301964534018664,0.136718794963468,0.302092037437499,3.41345142107469,3.41264596654573
36,1,-1,-0,-0,-0.0389269538078951,0.0245445986307146,-0.0219349427883461,0.000529788273256129,-0.0608618965962412,0.0250743869039708,-0.350693277548605,0.221122510186618,0,0,0.118783732272509,1.46758140260978,-0.0735228915293792,0.0346150631206395,0.118825845963789,1.46856650271688,-0.0734181007433268,0.0347073486540588,0.0131849942822485,0.162901535689685,0.0131896689019806,0.163010881801573,3.41345142107469,3.41282771011736
37,-1,1,-0,0,0.0985939380647812,-0.111379851817295,-0.00333407067263734,-0.0128838600294029,0.0952598673921439,-0.124263711846698,0.88823367625929,-1.0034220884441,0,0,-0.863707780518459,0.348149648052505,-0.0954121933995567,-0.00546801428294355,-0.86351999655615,0.348971261898149,-0.0953004411870269,-0.00539858009016684,-0.095871563637549,0.0386446109338281,-0.0958507196177327,0.0387358100706946,3.41345142107469,3.41297409154448
38,-1,1,-0,-0,-0.0455499890604095,0.034183311734425,0.00713543302564059,-0.00371221247497632,-0.0384145560347689,0.0304710992594487,-0.410360261805491,0.307957763373198,0,0,0.682173507496733,-1.18195135096921,-0.0407884274122922,-0.0518366246528715,0.682416086254068,-1.18131755746567,-0.0406838768830321,-0.0517944679823184,0.0757212593321374,-0.131196599957582,0.0757481855742016,-0.131126248878689,3.41345142107469,3.41309044691694
39,-1,-1,-0,-0,-0.173693940274704,0.163588964131904,0.00317407733234497,-0.00757791916498819,-0.170519862942359,0.156011044966916,-1.56481027274508,1.47377445163877,0,0,-0.843858101376335,0.391570990710631,-0.0731744408822054,-0.00554770954279118,-0.843579128216359,0.392040107625924,-0.0730789811518839,-0.00552699011929803,-0.0936682492527732,0.0434643799688801,-0.0936372832320158,0.0435164519464776,3.41345142107469,3.41318175145605
40,-1,1,0,0,-0.243213912904212,0.0566305891132625,0.0041361039029313,-0.00563968917027427,-0.239077809001281,0.0509908999429882,-2.19111633247038,0.510185487506869,0,0,-2.17113172828743,1.75572151910905,-0.0949677130949245,0.0266862342188801,-2.17083391187401,1.75605881127514,-0.0948819360558629,0.0266912532014907,-0.240995621839905,0.194885088621105,-0.240962564218015,0.194922528051541,3.41345142107469,3.41325248720934
41,-1,1,0,0,-0.349417168571844,0.18354459372169,-0.0057708558363794,0.00555138560001846,-0.355188024408224,0.189095979321709,-3.14790241956617,1.65355489839361,0,0,-2.79545533629338,0.57404556979003,-0.0949345385537094,-0.0148745093694151,-2.79514021227994,0.574291384038095,-0.0948569658684937,-0.0148789173499123,-0.310295542328565,0.0637190582466933,-0.310260563563074,0.0637463436282286,3.41345142107469,3.41330658350468
42,-1,-1,-0,0,-0.44383186286037,0.296371143818583,0.00144001801404465,-0.00556778063950366,-0.442391844846325,0.290803363179079,-3.99848525099432,2.67001030467192,0,0,-3.87730243999059,1.92657337517962,-0.107449120580294,0.0211814757802762,-3.87699841984909,1.92673103829974,-0.107382282376453,0.0211684659113476,-0.430380570838955,0.213849644644938,-0.430346824603249,0.213867145251271,3.41345142107469,3.41334740870714
43,1,1,0,0,-0.483366526082869,0.17467394685472,-0.0163866572993389,-0.00895113135482436,-0.499753183382207,0.165722815499896,-4.35465338813395,1.57363916085333,0,0,-4.79503301597113,3.08215376635849,-0.110640357963616,0.0433681399254459,-4.7947462814424,3.08224414584599,-0.110583601642135,0.0433496398185671,-0.532248664772796,0.342119068065792,-0.532216837240107,0.342129100188905,3.41345142107469,3.41337779535944
44,-1,-1,-0,-0,-0.34091284168767,0.244085138753846,-0.00760089998635267,-0.0040932772163407,-0.348513741674023,0.239991861537505,-3.07128686205108,2.19896521399861,0,0,-5.09059884347435,1.71386973213625,-0.101891649897751,-0.00747101576296241,-5.0903289122211,1.71391529187264,-0.10184378050686,-0.00749207575846075,-0.565056471625653,0.190239540267124,-0.565026509256542,0.190244597397863,3.41345142107469,3.41340008501345
45,-1,1,-0,0,-0.391871516260339,0.128191688352169,-0.00818793096250257,-0.00160886766738443,-0.400059447222841,0.126582820684785,-3.53037402036341,1.15488007524477,0,0,-3.48776752257348,2.36877368987147,-0.0391574076126101,0.00768506744534196,-3.48752780398788,2.36877731586434,-0.0391186873801101,0.00766204908791436,-0.387142195005656,0.262933879575733,-0.387115586242655,0.262934282060942,3.41345142107469,3.41341618294371
46,1,-1,-0,0,-0.481573777955441,0.247162410945078,0.00519728888133619,0.00409334430455455,-0.476376489074105,0.251255755249633,-4.33850250410307,2.2266883868926,0,0,-3.93192910685056,1.10433794536603,-0.0433824354338524,-0.0317503380937648,-3.93171380493477,1.10431762999344,-0.0433512995042078,-0.031773406837584,-0.436444130860413,0.122581511935629,-0.436420232347759,0.122579256929272,3.41345142107469,3.41342761608726
47,1,1,0,-0,-0.294919088602387,0.0865273833301748,-0.000141600590972047,-0.00952635997119978,-0.295060689193359,0.077001023358975,-2.65692872614763,0.779525975947521,0,0,-4.82543242147896,2.37503497747983,-0.0544522180763635,0.00527612036245698,-4.82524483140451,2.37499567321513,-0.0544279828694961,0.00525354271975268,-0.535622998784165,0.263628882500261,-0.5356021762859,0.26362451972688,3.41345142107469,3.41343558992757
48,-1,-1,0,0,-0.173383069767522,0.165722843780525,-0.0115552936828724,0.00317317472324612,-0.184938363450395,0.168896018503772,-1.56200963754525,1.49299859261735,0,0,-2.71601844372602,0.573295450995934,0.0143651245205629,-0.0477655933538535,-2.71585813518392,0.573244862885819,0.0143832788363316,-0.0477869251685403,-0.301478047253589,0.0636357950605487,-0.301460253005415,0.0636301797803259,3.41345142107469,3.41344104173542
49,-1,1,-0,-0,-0.242937549023327,0.0585276081208871,-9.52491609816556e-05,0.000780200809780775,-0.243032798184309,0.0593078089306679,-2.18862656777772,0.52727574883682,0,0,-1.42601892065822,1.40293486568813,0.0484117275239471,-0.0169365372319159,-1.42588460928699,1.40287726315596,0.0484247467107455,-0.0169563234958516,-0.158288100193063,0.155725770091383,-0.158273191630856,0.155719376210312,3.41345142107469,3.41344468874437
50,-0.1,0.25,0,0,-0.349171481081738,0.185231043619469,-0.0068981053763171,0.0132438544916022,-0.356069586458055,0.198474898111071,-3.1456890187544,1.66874814071593,0,0,-2.13122184566367,0.283888413374802,0.0235819619268611,-0.0450961847833305,-2.13111060348477,0.283828766366764,0.023590697558463,-0.0451141756305483,-0.236565624868668,0.031511613884603,-0.236553276986809,0.0315049930667108,3.41345142107469,3.41344707061654
51,-0.1,0.25,0,0,-0.327063446681665,0.194640397777708,-0.00666699153601165,-0.00213170486421586,-0.333730438217677,0.192508692913492,-2.94651753767266,1.75351709709646,0,0,-3.29177473445651,1.6982984382152,-0.0103356163554352,0.00270307125053171,-3.29168479552831,1.69823889546558,-0.010330402988288,0.00268692810545917,-0.365386995524673,0.188511126641887,-0.365377012303642,0.188504517396679,3.41345142107469,3.41344858606258
52,-0.1,0.25,0,0,-0.3074094041,0.203005313624382,0.00864149421165127,-0.00134478644555426,-0.298767909888349,0.201660527178828,-2.76945409099099,1.82887669931876,0,0,-3.03710023898244,1.78398759883098,-0.00117630350598857,0.00397245873921265,-3.0370294383277,1.78393033792606,-0.00117395159099911,0.0039581900253394,-0.337118126527051,0.198022623470239,-0.337110267654374,0.198016267509792,3.41345142107469,3.41344952380433
53,-0.1,0.25,0,0,-0.2899369602449,0.210441723812076,0.00113419436226868,-0.011713558179203,-0.288802765882631,0.198728165632873,-2.61204468689099,1.89587138569438,0,0,-2.79091518192215,1.85753919303697,0.00991535005437197,0.00516217633351846,-2.79086114304815,1.85748553305892,0.00991545281004246,0.00514971567361622,-0.309791585193358,0.206186850427103,-0.309785586878345,0.20618089416954,3.41345142107469,3.41345008826979
54,-0.1,0.25,0,0,-0.274403957657716,0.217052692468935,0.00398362846165994,-0.0138526268319524,-0.270420329196056,0.203200065636983,-2.47210772664609,1.9554296618823,0,0,-2.58674068914404,1.90785147000662,0.0159515345892387,0.00308350650507915,-2.5867010562547,1.90780222130639,0.0159499250526884,0.00307274490994013,-0.287128216494989,0.211771513170735,-0.287123817244271,0.211766046565009,3.41345142107469,3.41345042052673
55,-0.1,0.25,0,0,-0.26059511835771,0.222929843604883,0.00883969890234671,0.00310508318600499,-0.251755419455363,0.226034926790888,-2.34770376898838,2.00837696941336,0,0,-2.40543449577896,1.9484475580627,0.0207470296690538,0.00066789020543459,-2.40540703059623,1.94840312829076,0.0207441683597176,0.000658691814146926,-0.267003229031465,0.21627767894496,-0.267000180396182,0.216272747240274,3.41345142107469,3.41345061502005
56,-0.1,0.25,0,0,-0.248319060220004,0.228154630964741,0.00180257693987047,-0.00249489064473939,-0.246516483280134,0.225659740320002,-2.23710865063067,2.05544712580848,0,0,-2.24539162561934,2.01104346353259,0.0251870844833151,0.00354172294802627,-2.24537424604811,2.01100396294217,0.0251833589205862,0.0035339368367676,-0.249238470443747,0.223225824452117,-0.24923654131134,0.22322143988658,3.41345142107469,3.41345073269445
57,-0.1,0.25,0,0,-0.237405644535583,0.232799466927655,0.0055085452205747,0.00503744055737328,-0.231897099315009,0.237836907485028,-2.13878959041066,2.09729249484374,0,0,-2.11782436347231,2.05964360077668,0.0259822130441511,0.00425467710781588,-2.1178151652462,2.05960894084391,0.0259779457657768,0.00424815031081817,-0.235078504345426,0.228620439686211,-0.235077483342328,0.228616592433674,3.41345142107469,3.41345081107145
58,-0.1,0.25,0,0,-0.227703617992134,0.236928726098685,0.00682964276111937,-0.00892661403477038,-0.220873975231014,0.228002112063915,-2.05138394587508,2.13449302791608,0,0,-2.00452696720702,2.11423885290141,0.026934606755635,0.00692861571330126,-2.00452425349973,2.11420879447859,0.0269300577467013,0.00692319586621932,-0.222502493359979,0.234680512672056,-0.22250219213847,0.234677176187124,3.41345142107469,3.413450871815
59,-0.1,0.25,0,0,-0.219078516395007,0.240599637501731,0.011706086600356,0.0190851233035822,-0.207372429794651,0.259684760805314,-1.97368032788295,2.1675643018174,0,0,-1.90236920535115,2.13996941368272,0.0273808747497161,0.00500527562117815,-1.90237148231093,2.13994363012172,0.0273762510725524,0.00500081880153832,-0.211162981793978,0.237536604918782,-0.211163234536513,0.23753374294351,3.41345142107469,3.41345092627193
60,-0.1,0.25,0,0,-0.211410801075161,0.243863077739039,0.00475860587278343,0.00122230700504887,-0.206652195202378,0.245085384744088,-1.90460181148794,2.19696466431567,0,0,-1.81362268089717,2.20683815601347,0.0285560441781546,0.0114170830848658,-1.81362866894616,2.20681625638549,0.0285515025838561,0.0114134526413148,-0.201312117579586,0.244959035317495,-0.201312782253024,0.24495660445879,3.41345142107469,3.41345097941606
61,-0.1,0.25,0,0,-0.204594202155818,0.246764276110006,0.014122326864445,0.0104703326689793,-0.190471875291373,0.257234608778985,-1.84319101041278,2.22310158657663,0,0,-1.74467741612509,2.23897233477875,0.0270138772530507,0.0114342536408192,-1.74468602097415,2.23895391747964,0.0270095366930296,0.0114313280484335,-0.193659193189885,0.248525929160441,-0.193660148328131,0.24852388484024,3.41345142107469,3.41345103256445
62,-0.1,0.25,0,0,-0.198534245716522,0.249343441461795,0.000226084843095982,-0.00226920199323937,-0.198308160873427,0.247074239468556,-1.78859680825696,2.24633731046662,0,0,-1.6730814996001,2.27981516500577,0.0279661410730501,0.0139615254502677,-1.67309181944283,2.27979981765531,0.0279620833903793,0.013959193432655,-0.185712046455611,0.253059483315641,-0.185713191958154,0.253057779759739,3.41345142107469,3.41345108517347
63,-0.1,0.25,0,0,-0.193146944441988,0.251636319459536,-0.000478694102202059,-0.00162501941548495,-0.193625638544191,0.250011300044051,-1.74006256254044,2.26699386900483,0,0,-1.63118168557059,2.29826393177228,0.0243057524151027,0.0121869349874172,-1.63119297896598,2.29825126330816,0.024302032373689,0.0121850997999318,-0.181061167098335,0.255107296426723,-0.181062420665224,0.255105890227206,3.41345142107469,3.41345113596529
64,-0.1,0.25,0,0,-0.188357633608928,0.253674687999527,0.0170133465427496,0.00690051897857806,-0.171344287066178,0.260575206978105,-1.69691561809845,2.28535754954529,0,0,-1.59738428847797,2.3150493708622,0.020657723381215,0.0106693419745637,-1.59739596940672,2.31503900927278,0.0206543709896378,0.0106679179758022,-0.177309656021055,0.256970480165704,-0.177310952604146,0.256969330029278,3.41345142107469,3.41345118358315
65,-0.1,0.25,0,0,-0.184099936278337,0.25548679763158,-0.00509711712767427,0.00555756771412105,-0.189197053406011,0.261044365345701,-1.65855798448952,2.30168286154576,0,0,-1.54272990885177,2.33910753736881,0.0223940273738908,0.0117322558828443,-1.54274152574762,2.33909913882027,0.022391053512989,0.0117311686402487,-0.171243019882546,0.259640936647938,-0.171244309357986,0.25964000440905,3.41345142107469,3.41345122692807
66,-0.1,0.25,0,0,-0.180314843351441,0.257097763094475,-2.85496014432121e-05,-0.0112025500148841,-0.180343392952885,0.24589521307959,-1.62445804821118,2.31619606391419,0,0,-1.53070327105739,2.3629626113628,0.0172126043843899,0.0120726876820412,-1.53071448077733,2.36295587140532,0.0172100066455681,0.0120718746522102,-0.16990806308737,0.262288849861271,-0.169909307366283,0.26228810172599,3.41345142107469,3.41345126529092
67,-0.1,0.25,0,0,-0.176949895739431,0.258529911390988,0.00919867079806396,-0.0153269301392951,-0.167751224941367,0.243202981251693,-1.59414320485974,2.32909830081971,0,0,-1.50919176101957,2.35518025518694,0.0141387420961919,0.0072991756566227,-1.50920231919903,2.35517490223148,0.0141365068074304,0.00729858355006097,-0.167520285473173,0.261425008325751,-0.167521457431092,0.261424414147694,3.41345142107469,3.41345129836232
68,-0.1,0.25,0,0,-0.173958457312355,0.259803091226588,0.00149808732632761,-0.0109786776954067,-0.172460369986027,0.248824413531182,-1.56719330912031,2.34056838942872,0,0,-1.47532621219022,2.33889279120437,0.0140060729097187,0.00203441983012627,-1.47533595617131,2.33888858671507,0.0140041784720518,0.00203400376404437,-0.163761209553114,0.259617099823685,-0.163762291135016,0.259616633125373,3.41345142107469,3.41345132617718
69,-0.1,0.25,0,0,-0.171299068550683,0.260934948100437,0.0140493344567698,-0.0141577332156794,-0.157249734093913,0.246777214884758,-1.54323485180796,2.35076529820213,0,0,-1.45960207267448,2.33303257773422,0.0114540227076286,-0.00111482362286272,-1.45961090483775,2.3330293163746,0.0114524425179036,-0.00111510084039059,-0.162015830066868,0.258966616128499,-0.162016810436991,0.25896625411758,3.41345142107469,3.41345134903176
70,-0.1,0.25,0,0,-0.168934871941557,0.261941168861288,0.0103412153956971,0.000595705885660458,-0.15859365654586,0.262536874746949,-1.52193578325727,2.3598303501017,0,0,-1.42552170206448,2.31994718393696,0.0127867164600846,-0.00461880693224235,-1.42552957768509,2.31994469011939,0.0127854208155815,-0.00461897599200141,-0.158232908929158,0.257514137417003,-0.158233783123045,0.257513860603252,3.41345142107469,3.41345136739656
71,-0.1,0.25,0,0,-0.166833101156045,0.262835699117685,0.00291570288770806,-0.0041125092553222,-0.163917398268337,0.258723189862363,-1.50300091131572,2.36788918124041,0,0,-1.40527331253929,2.33343658229512,0.0127006850776435,-0.00316916066268539,-1.40528022751002,2.33343470789591,0.012699642956716,-0.00316924660686435,-0.155985337691861,0.259011460634758,-0.155986105253612,0.259011252576446,3.41345142107469,3.41345138183798
72,-0.1,0.25,0,0,-0.164964626927724,0.263630936515622,-0.00777698538311604,-0.00368010733040955,-0.17274161231084,0.259950829185213,-1.48616781015967,2.37505348212272,0,0,-1.39868090476698,2.34000903519775,0.0104082537938603,-0.00328114613951901,-1.39868688531639,2.34000765684983,0.0104074341727222,-0.00328116918742814,-0.155253580429135,0.259741002906951,-0.155254244270119,0.259740849910331,3.41345142107469,3.41345139295505
73,-0.1,0.25,0,0,-0.163303553338746,0.264337902562388,0.00566696097539305,-0.0136096312939369,-0.157636592363353,0.250728271268451,-1.47120318323195,2.3814225456071,0,0,-1.41061076671987,2.34911969174766,0.00535712749983979,-0.00328383159385429,-1.41061586164251,2.34911870703843,0.00535650022241646,-0.00328380802209075,-0.156577795105905,0.260752285783991,-0.156578360642319,0.260752176481266,3.41345142107469,3.41345140133271
74,-0.1,0.25,0,0,-0.161826858918146,0.264966395377963,-0.0138262115948035,0.00779567428734973,-0.175653070512949,0.272762069665313,-1.4578996298932,2.38708464304471,0,0,-1.39750476171611,2.3380819719176,0.00501498283637708,-0.00618336871313287,-1.3975090352503,2.33808129653842,0.00501451933267819,-0.00618331151082411,-0.155123028550488,0.259527098882853,-0.155123502912783,0.259527023915764,3.41345142107469,3.41345140751064
75,-0.1,0.25,0,0,-0.160514077578231,0.265525125491009,0.00244474675589888,0.00439411111553712,-0.158069330822333,0.269919236606546,-1.44607277097506,2.39211824766675,0,0,-1.42217050869102,2.3672617132638,-0.000867763842102592,-0.00243440359048996,-1.4221740344168,2.36726127853781,-0.000868090038096418,-0.00243432301280219,-0.157860926464704,0.262766050172282,-0.157861317820264,0.262766001917697,3.41345142107469,3.41345141196526
76,-0.1,0.25,0,0,-0.159347014967048,0.266021836561507,0.00808438803167691,-0.000896224837412097,-0.151262626935371,0.265125611724095,-1.43555869339683,2.39659312217574,0,0,-1.41661198962689,2.38381632143791,-0.000902075461405601,-0.000368768692936301,-1.41661484592067,2.3838160718344,-0.000902288430691849,-0.000368672760844602,-0.157243930848585,0.264603611679608,-0.157244247897194,0.264603583973618,3.41345142107469,3.413451415102
77,-0.1,0.25,0,0,-0.158309496305705,0.26646341270318,0.00213041698417001,0.0102118011801418,-0.156179079321535,0.276675213883322,-1.42621167842978,2.40057128561423,0,0,-1.40066655227131,2.38854042991375,0.000827673584047534,-0.000196325190222818,-1.40066881855082,2.38854032093667,0.00082755230219635,-0.000196220107610792,-0.155473987302115,0.265127987720426,-0.155474238859141,0.265127975623971,3.41345142107469,3.41345141725501
78,-0.1,0.25,0,0,-0.157387142215772,0.266855973893127,0.00879677164233489,-0.00873979465028903,-0.148590370573437,0.258116179242838,-1.41790218212407,2.40410787291105,0,0,-1.39802202049987,2.41182806190238,0.000665785040859136,0.00313684781207796,-1.39802377455122,2.41182805809662,0.000665736471337536,0.00313695729898157,-0.155180444275486,0.267712914871164,-0.155180638975186,0.267712914448725,3.41345142107469,3.41345141869178
79,-0.1,0.25,0,0,-0.156567169429821,0.26720496079099,0.0203887625141404,0.00414700293047628,-0.136178406915681,0.271351963721466,-1.4105150399083,2.40725189901793,0,0,-1.38004888273695,2.40018238269481,0.00253476791702243,0.000388427353384046,-1.38005019867238,2.40018245604312,0.0025347755932158,0.000388537667172301,-0.153185425983801,0.266420244479124,-0.153185572052634,0.266420252620786,3.41345142107469,3.41345141962062
80,-0.1,0.25,0,0,-0.155838213623111,0.26751521014319,0.00923932448688937,0.00348441199952281,-0.146598889136222,0.270999622142713,-1.40394787047848,2.41004693822694,0,0,-1.34807372023719,2.40782708906138,0.00746555104577389,0.00187464469112926,-1.34807466714436,2.40782721753204,0.00746560088833311,0.00187475318169585,-0.149636182946328,0.267268806885813,-0.149636288053024,0.267268821146056,3.41345142107469,3.41345142019944
81,-0.1,0.25,0,0,-0.155190171910946,0.267791021817296,0.00266917446595828,0.00349254416663714,-0.152520997444988,0.271283565983933,-1.39810965685537,2.41253172808375,0,0,-1.33727584371358,2.41628298318874,0.00835645860055176,0.00296338420746675,-1.33727648471448,2.41628314962693,0.00835653875438774,0.00296348895903378,-0.148437618652208,0.26820741113395,-0.148437689803307,0.268207429608589,3.41345142107469,3.41345142054474
82,-0.1,0.25,0,0,-0.154614062828831,0.268036218395576,0.00641661506421779,-0.00729247267629504,-0.148197447764613,0.260743745719281,-1.39291948494442,2.41474070626645,0,0,-1.33834115711723,2.42523335987112,0.00718799981288431,0.00383723368719096,-1.33834154892933,2.42523355099303,0.00718810045375269,0.00383733335939868,-0.148555868440013,0.269200902945695,-0.148555911931156,0.269200924160226,3.41345142107469,3.41345142074003
83,-0.1,0.25,0,0,-0.154101901854831,0.268254198153667,0.00425485355625296,0.00326840248762991,-0.149847048298578,0.271522600641297,-1.38830542211559,2.41670448787087,0,0,-1.33091227802893,2.41471453190297,0.00726092782736716,0.00139545494435483,-1.33091247080624,2.41471473750502,0.00726104095507053,0.00139554864564339,-0.147731262861211,0.26803331304123,-0.147731284259492,0.268033335863058,3.41345142107469,3.41345142084337
84,-0.1,0.25,0,0,-0.153646590748945,0.26844798215861,-0.0131472350348688,-0.00514881632926476,-0.166793825783813,0.263299165829345,-1.38420352026076,2.41845028971721,0,0,-1.33038449417997,2.42272030466493,0.00666235637784343,0.0023957707373343,-1.33038453160622,2.42272051697525,0.00666247560439368,0.00239585792336645,-0.147672678853977,0.268921953817808,-0.14767268300829,0.268921977384252,3.41345142107469,3.41345142089372
85,-0.1,0.25,0,0,-0.153241819175812,0.268620256139004,-0.00416411219699434,-0.00896446150502486,-0.157405931372806,0.259655794633979,-1.38055692951182,2.4200023075586,0,0,-1.35611736613007,2.42003232732034,0.00111834948683251,0.00070226744582169,-1.35611728568839,2.42003254048222,0.00111846982849874,0.000702347839425471,-0.150529027640438,0.268623588332558,-0.150529018711411,0.268623611993527,3.41345142107469,3.41345142091616
86,-0.1,0.25,0,0,-0.152881977247297,0.268773407707575,0.0122468782478534,-0.0120326818641502,-0.140635098999443,0.256740725843425,-1.37731511033601,2.42138205141959,0,0,-1.36371258093717,2.40894997307762,-0.00090068777504724,-0.00191321115948479,-1.36371241431538,2.40895018272785,-0.000900570098165249,-0.00191313763305707,-0.151372096484025,0.267393447011616,-0.151372077989007,0.267393470282792,3.41345142107469,3.41345142092598
87,-0.1,0.25,0,0,-0.152562077772847,0.268909559452034,-0.000435842055463326,0.0103781563948524,-0.15299791982831,0.279287715846886,-1.37443313308871,2.42260864371202,0,0,-1.3431828197297,2.39026496803934,0.00216242272976288,-0.00495167115094531,-1.34318259329878,2.39026517098134,0.0021625349796304,-0.00495160441396435,-0.149093292989997,0.265319411452366,-0.149093267856164,0.265319433978929,3.41345142107469,3.41345142093185
88,-0.1,0.25,0,0,-0.152277687140061,0.269030598352858,0.00582423277447969,-0.00845944212336118,-0.146453454365581,0.260571156229497,-1.37187105531586,2.42369908425998,0,0,-1.35032938719826,2.4129522938595,0.0010850262674084,-0.000930685925236241,-1.35032912253757,2.41295248780546,0.00108513117499675,-0.000930625786793832,-0.149886561979007,0.267837704618405,-0.14988653260167,0.267837726146406,3.41345142107469,3.41345142093812
89,-0.1,0.25,0,0,-0.152024863867514,0.269138201935691,-0.0100650007461934,-0.00172913844259168,-0.162089864613707,0.267409063493099,-1.3695933681758,2.42466848590713,0,0,-1.34202481486655,2.40148784929223,0.00205046935325685,-0.00301739637370352,-1.34202452930583,2.40148803266226,0.00205056569655116,-0.00301734256047456,-0.148964754450187,0.266565151271437,-0.148964722752947,0.266565171625511,3.41345142107469,3.4134514209465
90,-0.1,0.25,0,0,-0.15180010397822,0.269233861520829,0.000645167423111044,-0.012086520547402,-0.151154936555109,0.257147340973427,-1.36756850430829,2.42553028397144,0,0,-1.36175887531727,2.40576519098717,-0.00173801517647843,-0.00282111718443945,-1.36175858247653,2.40576536275057,-0.00173792806328299,-0.00282106936559235,-0.151155235160217,0.267039936199576,-0.151155202654895,0.267039955265313,3.41345142107469,3.41345142095718
91,-0.1,0.25,0,0,-0.151600292436638,0.269318902892017,0.00600291949185784,-0.00297126799995404,-0.14559737294478,0.266347634892063,-1.36576840033007,2.42629642245061,0,0,-1.35958433265365,2.39029875161765,-0.00177373598836038,-0.00567885684114186,-1.35958404296104,2.39029891117091,-0.00177365833408922,-0.00567881464747932,-0.150913860924555,0.265323161429559,-0.150913828768676,0.265323179139971,3.41345142107469,3.41345142096963
92,-0.1,0.25,0,0,-0.151422659976171,0.269394504671003,-0.0136151495486457,-0.0323203779594001,-0.165037809524817,0.237074126711603,-1.36416810789343,2.42697751955859,0,0,-1.35096206798348,2.39012520056416,-0.000234218063365712,-0.00536366680812495,-1.35096178916108,2.39012534763662,-0.000234149762349349,-0.0053636298470434,-0.149956789546166,0.265303897262622,-0.14995675859688,0.265303913587664,3.41345142107469,3.41345142098304
93,-0.1,0.25,0,0,-0.151264744718816,0.269461714652522,0.00347592631960065,-0.0108695922946133,-0.147788818399215,0.258592122357909,-1.36274544791726,2.42758301488759,0,0,-1.36822969294871,2.34732339108896,-0.00469295407484847,-0.0135731781270135,-1.36822943045606,2.34732352567259,-0.00469289477309075,-0.0135731459935187,-0.151873495917306,0.260552896410875,-0.151873466780622,0.260552911349658,3.41345142107469,3.41345142099659
94,-0.1,0.25,0,0,-0.151124358055027,0.269521464326092,-0.00181843218459334,-0.0142643615947972,-0.152942790239621,0.255257102731295,-1.36148070319844,2.42812130023506,0,0,-1.36131292290735,2.34006860121343,-0.00352008290198927,-0.0141248153285463,-1.36131268035152,2.34006872349881,-0.00352003207122879,-0.014124787615995,-0.151105734442716,0.259747614734691,-0.151105707519018,0.259747628308368,3.41345142107469,3.4134514210096
95,-0.1,0.25,0,0,-0.150999554310919,0.269574581785896,-0.00939534765941492,-0.0101445076770532,-0.160394901970334,0.259430074108843,-1.36035634514342,2.42859983590897,0,0,-1.36286947998755,2.33006590118875,-0.00406701938838702,-0.0154286692090199,-1.36286925947598,2.33006601152537,-0.00406697638435478,-0.0154286455150075,-0.151278512278618,0.258637315031951,-0.151278487801834,0.258637327279316,3.41345142107469,3.41345142102158
96,-0.1,0.25,0,0,-0.150888603782407,0.269621803207661,-0.000375331888191716,-0.00213267188307358,-0.151263935670599,0.267489131324588,-1.3593567908325,2.42902525412308,0,0,-1.37744916629327,2.33011231174879,-0.00669766293792855,-0.0152326570764002,-1.37744896875012,2.33011241060627,-0.00669762704896646,-0.0152326370089291,-0.152896857458553,0.258642466604116,-0.152896835531263,0.258642477577295,3.41345142107469,3.41345142103222
97,-0.1,0.25,0,0,-0.15078996876256,0.269663783051611,-0.0189630449362245,-0.00325347780360491,-0.169753013698785,0.266410305248006,-1.35846818705009,2.42940345091541,0,0,-1.377530965501,2.34148103830754,-0.00619392856278026,-0.0126711508455654,-1.37753079093794,2.34148112624586,-0.00619389904785247,-0.0126711340273903,-0.152905937170611,0.259904395252137,-0.152905917794111,0.25990440501329,3.41345142107469,3.41345142104139
98,-0.1,0.25,0,0,-0.150702282229916,0.269701103132882,-0.0212797676818267,0.0194439779196629,-0.171982049911743,0.289145081052545,-1.35767821828753,2.4297396678638,0,0,-1.40689451807662,2.35436981482834,-0.0110371085595548,-0.0108527241195964,-1.40689436582193,2.35436989247453,-0.011037084677355,-0.0108527101913039,-0.156165291506505,0.261335049445946,-0.156165274606234,0.261335058064672,3.41345142107469,3.41345142104908
99,-0.1,0.25,0,0,-0.150624328902395,0.269734280685132,-0.0117692333071496,-0.00571773218349456,-0.162393562209545,0.264016548501638,-1.35697593605762,2.43003856473092,0,0,-1.4412659725978,2.40274193085198,-0.0155055415659569,-0.00287630270297386,-1.44126584149028,2.40274199887831,-0.0155055225970671,-0.00287629132562261,-0.159980522958356,0.26670435432457,-0.159980508405421,0.266704361875493,3.41345142107469,3.41345142105536
100,-0.1,0.25,0,0,-0.150555028394229,0.269763775529083,-0.00990532220484176,-0.00250032278035044,-0.160460350599071,0.267263452748732,-1.35635160715522,2.43030428404579,0,0,NaN,NaN,NaN,NaN,NaN,NaN,NaN,NaN,NaN,NaN,NaN,NaN,NaN,NaN
